{"cameraMode":{"drawMode":0,"name":"Shaded","section":"Shading Mode"},"sceneLighting":true,"audioPlay":false,"sceneViewState":{"m_AlwaysRefresh":false,"showFog":true,"showSkybox":true,"showFlares":true,"showImageEffects":true,"showParticleSystems":true,"showVisualEffectGraphs":true,"m_FxEnabled":true},"in2DMode":false,"pivot":{"x":-0.4685060381889343,"y":-6.256259918212891,"z":3.7581419944763185},"rotation":{"x":-0.006654397118836641,"y":0.8915561437606812,"z":-0.45266634225845339,"w":-0.01310583483427763},"size":50.96860122680664,"orthographic":false}