{"cameraMode":{"drawMode":0,"name":"Shaded","section":"Shading Mode"},"sceneLighting":true,"audioPlay":false,"sceneViewState":{"m_AlwaysRefresh":false,"showFog":true,"showSkybox":true,"showFlares":true,"showImageEffects":true,"showParticleSystems":true,"showVisualEffectGraphs":true,"m_FxEnabled":true},"in2DMode":false,"pivot":{"x":-0.4896341860294342,"y":2.1238534450531008,"z":-3.1675994396209719},"rotation":{"x":-0.0008517830865457654,"y":0.9991410374641419,"z":-0.02729308232665062,"w":-0.031182456761598588},"size":5.47015380859375,"orthographic":false}