{"cameraMode":{"drawMode":0,"name":"Shaded","section":"Shading Mode"},"sceneLighting":true,"audioPlay":false,"sceneViewState":{"m_AlwaysRefresh":false,"showFog":true,"showSkybox":true,"showFlares":true,"showImageEffects":true,"showParticleSystems":true,"showVisualEffectGraphs":true,"m_FxEnabled":true},"in2DMode":false,"pivot":{"x":-1.3345856666564942,"y":5.059146404266357,"z":10.621164321899414},"rotation":{"x":0.05182187259197235,"y":0.9205800890922546,"z":-0.13095955550670625,"w":0.3642800450325012},"size":4.652254581451416,"orthographic":false}